iteration,RMP_value
1,560.0
2,550.0
3,520.0
4,490.0
5,454.28571428571433
6,405.0
7,385.0
8,380.0
9,350.0
10,330.0
11,310.0
12,305.0
13,305.0
14,296.6666666666667
15,294.0
16,270.0
17,270.0
18,270.0
19,265.0
20,265.0
21,265.0
22,265.0
23,265.0
24,265.0
25,264.0
26,264.0
27,260.0
28,260.0
29,260.0
30,260.0
31,260.0
32,260.0
33,260.0
34,260.0
35,260.0
36,260.0
37,260.0
38,260.0
39,255.0
40,255.0
41,255.0
42,255.0
43,255.0
44,255.0
45,255.0
46,255.0
47,255.0
48,255.0
