iteration,RMP_value
1,2170.0
2,1990.0
3,1640.0
4,1585.0
5,1460.0
6,1400.0
7,1380.0
8,1345.0
9,1306.25
10,1290.8333333333333
11,1252.3076923076926
12,1245.25
13,1225.0
14,1222.5000000000002
15,1217.5
16,1215.0
17,1200.0
18,1200.0
19,1200.0
20,1195.0
21,1195.0
22,1195.0
23,1195.0
24,1195.0
25,1195.0
26,1195.0
27,1195.0
28,1195.0
29,1195.0
30,1195.0
31,1195.0
32,1195.0
33,1195.0
34,1195.0
35,1195.0
36,1190.0
37,1190.0
38,1190.0
