iteration,RMP_value
1,1910.0
2,1640.0
3,1490.0
4,1336.6666666666667
5,1260.0
6,1205.0
7,1184.2857142857142
8,1141.6666666666665
9,1132.5
10,1117.5
11,1107.5
12,1098.5714285714284
13,1098.0
14,1090.0
15,1088.75
16,1086.6176470588236
17,1082.1875
18,1078.529411764706
19,1075.8333333333335
20,1075.8333333333333
21,1075.5555555555552
22,1075.1587301587301
23,1075.1587301587301
24,1074.4444444444446
25,1074.4444444444446
26,1074.4444444444446
27,1074.4444444444443
28,1074.4444444444443
